<?xml version="1.0" encoding="UTF-8"?>
<project-private xmlns="http://www.netbeans.org/ns/project-private/1">
    <editor-bookmarks xmlns="http://www.netbeans.org/ns/editor-bookmarks/2" lastBookmarkId="0"/>
    <open-files xmlns="http://www.netbeans.org/ns/projectui-open-files/2">
        <group>
            <file>file:/C:/Users/alise/OneDrive/Belgeler/NetBeansProjects/TheGodOfWords/src/GUI/MainMenuFrame.java</file>
            <file>file:/C:/Users/alise/OneDrive/Belgeler/NetBeansProjects/TheGodOfWords/src/Game/ScoreManager.java</file>
            <file>file:/C:/Users/alise/OneDrive/Belgeler/NetBeansProjects/TheGodOfWords/src/LengthOfWords/NineLettersWords.java</file>
            <file>file:/C:/Users/alise/OneDrive/Belgeler/NetBeansProjects/TheGodOfWords/src/LengthOfWords/SixLettersWords.java</file>
            <file>file:/C:/Users/alise/OneDrive/Belgeler/NetBeansProjects/TheGodOfWords/src/PlayerInformation/RegisterAndSignIn.java</file>
            <file>file:/C:/Users/alise/OneDrive/Belgeler/NetBeansProjects/TheGodOfWords/src/PlayerInformation/ReaderAndWriterFileProcess.java</file>
            <file>file:/C:/Users/alise/OneDrive/Belgeler/NetBeansProjects/TheGodOfWords/src/Game/WordState.java</file>
            <file>file:/C:/Users/alise/OneDrive/Belgeler/NetBeansProjects/TheGodOfWords/src/GUI/AdminFrame.java</file>
            <file>file:/C:/Users/alise/OneDrive/Belgeler/NetBeansProjects/TheGodOfWords/src/LengthOfWords/AllWords.java</file>
            <file>file:/C:/Users/alise/OneDrive/Belgeler/NetBeansProjects/TheGodOfWords/src/GUI/GameFrame.java</file>
            <file>file:/C:/Users/alise/OneDrive/Belgeler/NetBeansProjects/TheGodOfWords/src/MakingScoreBoard/MakeScoreBoard.java</file>
            <file>file:/C:/Users/alise/OneDrive/Belgeler/NetBeansProjects/TheGodOfWords/src/Game/TimeManager.java</file>
            <file>file:/C:/Users/alise/OneDrive/Belgeler/NetBeansProjects/TheGodOfWords/src/PlayerInformation/Submit.java</file>
            <file>file:/C:/Users/alise/OneDrive/Belgeler/NetBeansProjects/TheGodOfWords/src/LengthOfWords/FourLettersWords.java</file>
            <file>file:/C:/Users/alise/OneDrive/Belgeler/NetBeansProjects/TheGodOfWords/src/PlayerBehavior/Estimate.java</file>
            <file>file:/C:/Users/alise/OneDrive/Belgeler/NetBeansProjects/TheGodOfWords/src/PlayerInformation/AddQuestionFromUser.java</file>
            <file>file:/C:/Users/alise/OneDrive/Belgeler/NetBeansProjects/TheGodOfWords/src/LengthOfWords/TenLettersWords.java</file>
            <file>file:/C:/Users/alise/OneDrive/Belgeler/NetBeansProjects/TheGodOfWords/src/Game/WordEngine.java</file>
            <file>file:/C:/Users/alise/OneDrive/Belgeler/NetBeansProjects/TheGodOfWords/src/GUI/cardPanel.java</file>
            <file>file:/C:/Users/alise/OneDrive/Belgeler/NetBeansProjects/TheGodOfWords/src/LengthOfWords/EightLettersWords.java</file>
            <file>file:/C:/Users/alise/OneDrive/Belgeler/NetBeansProjects/TheGodOfWords/src/LengthOfWords/SevenLettersWords.java</file>
            <file>file:/C:/Users/alise/OneDrive/Belgeler/NetBeansProjects/TheGodOfWords/src/Game/NormalPlayer.java</file>
            <file>file:/C:/Users/alise/OneDrive/Belgeler/NetBeansProjects/TheGodOfWords/src/main/TheGodOfWords.java</file>
            <file>file:/C:/Users/alise/OneDrive/Belgeler/NetBeansProjects/TheGodOfWords/src/PlayerBehavior/TakeLetter.java</file>
            <file>file:/C:/Users/alise/OneDrive/Belgeler/NetBeansProjects/TheGodOfWords/src/AdminProcess/AdminSystem.java</file>
            <file>file:/C:/Users/alise/OneDrive/Belgeler/NetBeansProjects/TheGodOfWords/src/PlayerBehavior/TakeLetterBehavior.java</file>
            <file>file:/C:/Users/alise/OneDrive/Belgeler/NetBeansProjects/TheGodOfWords/src/LengthOfWords/FiveLettersWords.java</file>
            <file>file:/C:/Users/alise/OneDrive/Belgeler/NetBeansProjects/TheGodOfWords/src/Game/Player.java</file>
            <file>file:/C:/Users/alise/OneDrive/Belgeler/NetBeansProjects/TheGodOfWords/src/LengthOfWords/UploadWordsAndQuestionsFromFile.java</file>
            <file>file:/C:/Users/alise/OneDrive/Belgeler/NetBeansProjects/TheGodOfWords/src/PlayerBehavior/EstimateBehavior.java</file>
            <file>file:/C:/Users/alise/OneDrive/Belgeler/NetBeansProjects/TheGodOfWords/src/GUI/ScoreFrame.java</file>
            <file>file:/C:/Users/alise/OneDrive/Belgeler/NetBeansProjects/TheGodOfWords/src/Game/Admin.java</file>
        </group>
    </open-files>
</project-private>
