<?xml version="1.0" encoding="UTF-8"?>
<project-private xmlns="http://www.netbeans.org/ns/project-private/1">
    <editor-bookmarks xmlns="http://www.netbeans.org/ns/editor-bookmarks/2" lastBookmarkId="0"/>
    <open-files xmlns="http://www.netbeans.org/ns/projectui-open-files/2">
        <group>
            <file>file:/Users/aliemre/Desktop/Java/NetBeansProjects/Presantation1(Console)/src/PlayerInformation/RegisterAndSignIn.java</file>
            <file>file:/Users/aliemre/Desktop/Java/NetBeansProjects/Presantation1(Console)/src/AdminProcess/AdminSystem.java</file>
            <file>file:/Users/aliemre/Desktop/Java/NetBeansProjects/Presantation1(Console)/src/GUI/AdminFrame.java</file>
            <file>file:/Users/aliemre/Desktop/Java/NetBeansProjects/Presantation1(Console)/src/GUI/GameFrame.java</file>
            <file>file:/Users/aliemre/Desktop/Java/NetBeansProjects/Presantation1(Console)/src/Main/Presantation1Console.java</file>
            <file>file:/Users/aliemre/Desktop/Java/NetBeansProjects/Presantation1(Console)/src/GUI/cardPanel.java</file>
            <file>file:/Users/aliemre/Desktop/Java/NetBeansProjects/Presantation1(Console)/src/GUI/MainMenuFrame.java</file>
            <file>file:/Users/aliemre/Desktop/Java/NetBeansProjects/Presantation1(Console)/src/PlayerInformation/Submit.java</file>
            <file>file:/Users/aliemre/Desktop/Java/NetBeansProjects/Presantation1(Console)/src/PlayerInformation/AddQuestionFromUser.java</file>
            <file>file:/Users/aliemre/Desktop/Java/NetBeansProjects/Presantation1(Console)/src/PlayerInformation/ReaderAndWriterFileProcess.java</file>
            <file>file:/Users/aliemre/Desktop/Java/NetBeansProjects/Presantation1(Console)/src/LengthOfWords/UploadWordsAndQuestionFromFile.java</file>
            <file>file:/Users/aliemre/Desktop/Java/NetBeansProjects/Presantation1(Console)/src/GUI/SkorFrame.java</file>
            <file>file:/Users/aliemre/Desktop/Java/NetBeansProjects/Presantation1(Console)/src/PlayerInformation/MakeScoreBoard.java</file>
        </group>
    </open-files>
</project-private>
