<?xml version="1.0" encoding="UTF-8"?>
<project-private xmlns="http://www.netbeans.org/ns/project-private/1">
    <editor-bookmarks xmlns="http://www.netbeans.org/ns/editor-bookmarks/2" lastBookmarkId="0"/>
    <open-files xmlns="http://www.netbeans.org/ns/projectui-open-files/2">
        <group>
            <file>file:/Users/aliemre/Desktop/Java/NetBeansProjects/Presantation1(Console)/src/Game/WordState.java</file>
            <file>file:/Users/aliemre/Desktop/Java/NetBeansProjects/Presantation1(Console)/src/LengthOfWords/TenLettersWords.java</file>
            <file>file:/Users/aliemre/Desktop/Java/NetBeansProjects/Presantation1(Console)/src/PlayerInformation/RegisterAndSignIn.java</file>
            <file>file:/Users/aliemre/Desktop/Java/NetBeansProjects/Presantation1(Console)/src/LengthOfWords/EightLettersWords.java</file>
            <file>file:/Users/aliemre/Desktop/Java/NetBeansProjects/Presantation1(Console)/src/LengthOfWords/FourLettersWords.java</file>
            <file>file:/Users/aliemre/Desktop/Java/NetBeansProjects/Presantation1(Console)/src/Main/Presantation1Console.java</file>
            <file>file:/Users/aliemre/Desktop/Java/NetBeansProjects/Presantation1(Console)/src/GUI/cardPanel.java</file>
            <file>file:/Users/aliemre/Desktop/Java/NetBeansProjects/Presantation1(Console)/src/Game/HangmanEngine.java</file>
            <file>file:/Users/aliemre/Desktop/Java/NetBeansProjects/Presantation1(Console)/src/GUI/MainMenuFrame.java</file>
            <file>file:/Users/aliemre/Desktop/Java/NetBeansProjects/Presantation1(Console)/src/PlayerInformation/ReaderAndWriterFileProcess.java</file>
            <file>file:/Users/aliemre/Desktop/Java/NetBeansProjects/Presantation1(Console)/src/Game/Admin.java</file>
            <file>file:/Users/aliemre/Desktop/Java/NetBeansProjects/Presantation1(Console)/src/Game/NormalPlayer.java</file>
            <file>file:/Users/aliemre/Desktop/Java/NetBeansProjects/Presantation1(Console)/src/GUI/SkorFrame.java</file>
            <file>file:/Users/aliemre/Desktop/Java/NetBeansProjects/Presantation1(Console)/src/LengthOfWords/AllWords.java</file>
            <file>file:/Users/aliemre/Desktop/Java/NetBeansProjects/Presantation1(Console)/src/Game/Player.java</file>
            <file>file:/Users/aliemre/Desktop/Java/NetBeansProjects/Presantation1(Console)/src/Game/LifeManager.java</file>
            <file>file:/Users/aliemre/Desktop/Java/NetBeansProjects/Presantation1(Console)/src/Game/ScoreManager.java</file>
        </group>
    </open-files>
</project-private>
