<?xml version="1.0" encoding="UTF-8"?>
<project-private xmlns="http://www.netbeans.org/ns/project-private/1">
    <editor-bookmarks xmlns="http://www.netbeans.org/ns/editor-bookmarks/2" lastBookmarkId="0"/>
    <open-files xmlns="http://www.netbeans.org/ns/projectui-open-files/2">
        <group>
            <file>file:/Users/aliemre/Desktop/Java/NetBeansProjects/Presantation1(Console)/src/Hangman/LifeManager.java</file>
            <file>file:/Users/aliemre/Desktop/Java/NetBeansProjects/Presantation1(Console)/src/PlayerInformation/Submit.java</file>
            <file>file:/Users/aliemre/Desktop/Java/NetBeansProjects/Presantation1(Console)/src/Hangman/HangmanEngine.java</file>
            <file>file:/Users/aliemre/Desktop/Java/NetBeansProjects/Presantation1(Console)/src/Hangman/ScoreManager.java</file>
            <file>file:/Users/aliemre/Desktop/Java/NetBeansProjects/Presantation1(Console)/src/PlayerInformation/Register.java</file>
            <file>file:/Users/aliemre/Desktop/Java/NetBeansProjects/Presantation1(Console)/src/LengthOfWords/UploadWordsAndQuestionFromFile.java</file>
            <file>file:/Users/aliemre/Desktop/Java/NetBeansProjects/Presantation1(Console)/src/Hangman/Player.java</file>
            <file>file:/Users/aliemre/Desktop/Java/NetBeansProjects/Presantation1(Console)/src/Hangman/WordState.java</file>
            <file>file:/Users/aliemre/Desktop/Java/NetBeansProjects/Presantation1(Console)/src/Main/Presantation1Console.java</file>
        </group>
    </open-files>
</project-private>
